,Country,Year,Status,Life expectancy ,Adult Mortality,infant deaths,Alcohol,percentage expenditure,Hepatitis B,Measles , BMI ,under-five deaths ,Polio,Total expenditure,Diphtheria , HIV/AIDS,GDP,Population, thinness  1-19 years, thinness 5-9 years,Income composition of resources,Schooling
0,Afghanistan,2015,Developing,65,263,62,0.01,71.27962362,65,1154,19.1,83,6,8.16,65,0.1,584.25921,33736494,17.2,17.3,0.479,10.1
1,Afghanistan,2014,Developing,59.9,271,64,0.01,73.52358168,62,492,18.6,86,58,8.18,62,0.1,612.696514,327582,17.5,17.5,0.476,10
2,Afghanistan,2013,Developing,59.9,268,66,0.01,73.21924272,64,430,18.1,89,62,8.13,64,0.1,631.744976,31731688,17.7,17.7,0.47,9.9
3,Afghanistan,2012,Developing,59.5,272,69,0.01,78.1842153,67,2787,17.6,93,67,8.52,67,0.1,669.959,3696958,17.9,18,0.463,9.8
4,Afghanistan,2011,Developing,59.2,275,71,0.01,7.097108703,68,3013,17.2,97,68,7.87,68,0.1,63.537231,2978599,18.2,18.2,0.454,9.5
5,Afghanistan,2010,Developing,58.8,279,74,0.01,79.67936736,66,1989,16.7,102,66,9.2,66,0.1,553.32894,2883167,18.4,18.4,0.448,9.2
6,Afghanistan,2009,Developing,58.6,281,77,0.01,56.76221682,63,2861,16.2,106,63,9.42,63,0.1,445.8932979,284331,18.6,18.7,0.434,8.9
7,Afghanistan,2008,Developing,58.1,287,80,0.03,25.87392536,64,1599,15.7,110,64,8.33,64,0.1,373.3611163,2729431,18.8,18.9,0.433,8.7
8,Afghanistan,2007,Developing,57.5,295,82,0.02,10.91015598,63,1141,15.2,113,63,6.73,63,0.1,369.835796,26616792,19,19.1,0.415,8.4
9,Afghanistan,2006,Developing,57.3,295,84,0.03,17.17151751,64,1990,14.7,116,58,7.43,58,0.1,272.56377,2589345,19.2,19.3,0.405,8.1
10,Afghanistan,2005,Developing,57.3,291,85,0.02,1.388647732,66,1296,14.2,118,58,8.7,58,0.1,25.2941299,257798,19.3,19.5,0.396,7.9
11,Afghanistan,2004,Developing,57,293,87,0.02,15.29606643,67,466,13.8,120,5,8.79,5,0.1,219.1413528,24118979,19.5,19.7,0.381,6.8
12,Afghanistan,2003,Developing,56.7,295,87,0.01,11.08905273,65,798,13.4,122,41,8.82,41,0.1,198.7285436,2364851,19.7,19.9,0.373,6.5
13,Afghanistan,2002,Developing,56.2,3,88,0.01,16.88735091,64,2486,13,122,36,7.76,36,0.1,187.84595,21979923,19.9,2.2,0.341,6.2
14,Afghanistan,2001,Developing,55.3,316,88,0.01,10.5747282,63,8762,12.6,122,35,7.8,33,0.1,117.49698,2966463,2.1,2.4,0.34,5.9
15,Afghanistan,2000,Developing,54.8,321,88,0.01,10.42496,62,6532,12.2,122,24,8.2,24,0.1,114.56,293756,2.3,2.5,0.338,5.5
16,Albania,2015,Developing,77.8,74,0,4.6,364.9752287,99,0,58,0,99,6,99,0.1,3954.22783,28873,1.2,1.3,0.762,14.2
17,Albania,2014,Developing,77.5,8,0,4.51,428.7490668,98,0,57.2,1,98,5.88,98,0.1,4575.763787,288914,1.2,1.3,0.761,14.2
18,Albania,2013,Developing,77.2,84,0,4.76,430.8769785,99,0,56.5,1,99,5.66,99,0.1,4414.72314,289592,1.3,1.4,0.759,14.2
19,Albania,2012,Developing,76.9,86,0,5.14,412.4433563,99,9,55.8,1,99,5.59,99,0.1,4247.61438,2941,1.3,1.4,0.752,14.2
20,Albania,2011,Developing,76.6,88,0,5.37,437.0621,99,28,55.1,1,99,5.71,99,0.1,4437.17868,295195,1.4,1.5,0.738,13.3
21,Albania,2010,Developing,76.2,91,1,5.28,41.82275719,99,10,54.3,1,99,5.34,99,0.1,494.358832,291321,1.4,1.5,0.725,12.5
22,Albania,2009,Developing,76.1,91,1,5.79,348.0559517,98,0,53.5,1,98,5.79,98,0.1,4114.136545,2927519,1.5,1.6,0.721,12.2
23,Albania,2008,Developing,75.3,1,1,5.61,36.62206845,99,0,52.6,1,99,5.87,99,0.1,437.539647,2947314,1.6,1.6,0.713,12
24,Albania,2007,Developing,75.9,9,1,5.58,32.24655228,98,22,51.7,1,99,6.1,98,0.1,363.13685,29717,1.6,1.7,0.703,11.6
25,Albania,2006,Developing,74.2,99,1,5.31,3.3021542,98,68,5.8,1,97,5.86,97,0.1,35.1293,2992547,1.7,1.8,0.696,11.4
26,Albania,2005,Developing,73.5,15,1,5.16,26.99312143,98,6,49.9,1,97,6.12,98,0.1,279.142931,311487,1.8,1.8,0.685,10.8
27,Albania,2004,Developing,73,17,1,4.54,221.8428,99,7,48.9,1,98,6.38,97,0.1,2416.588235,326939,1.8,1.9,0.681,10.9
28,Albania,2003,Developing,72.8,18,1,4.29,14.71928882,97,8,47.9,1,97,6.27,97,0.1,189.681557,339616,1.9,2,0.674,10.7
29,Albania,2002,Developing,73.3,15,1,3.73,104.5169157,96,16,46.9,1,98,6.3,98,0.1,1453.642777,3511,2,2.1,0.67,10.7
30,Albania,2001,Developing,73.6,14,1,4.25,96.20557078,96,18,46,1,97,6,97,0.1,1326.97339,36173,2.1,2.1,0.662,10.6
31,Albania,2000,Developing,72.6,11,1,3.66,91.71154052,96,662,45,1,97,6.26,97,0.1,1175.788981,38927,2.1,2.2,0.656,10.7
32,Algeria,2015,Developing,75.6,19,21,0.406666667,0,95,63,59.5,24,95,4.604,95,0.1,4132.76292,39871528,6,5.8,0.743,14.4
33,Algeria,2014,Developing,75.4,11,21,0.01,54.2373183,95,0,58.4,24,95,7.21,95,0.1,547.8517,39113313,6,5.8,0.741,14.4
34,Algeria,2013,Developing,75.3,112,21,0.53,544.4507432,95,25,57.2,24,95,7.12,95,0.1,5471.866766,38338562,5.9,5.8,0.737,14.4
35,Algeria,2012,Developing,75.1,113,21,0.66,555.9260834,95,18,56.1,24,95,6.14,95,0.1,5564.82566,37565847,5.9,5.8,0.732,14.4
36,Algeria,2011,Developing,74.9,116,21,0.56,509.0020405,95,112,55,24,95,5.29,95,0.1,5432.2523,36819558,5.9,5.8,0.724,14
37,Algeria,2010,Developing,74.7,119,21,0.45,430.7175861,95,103,53.9,24,95,5.12,95,0.1,4463.394675,36117637,5.9,5.8,0.714,13.6
38,Algeria,2009,Developing,74.4,123,20,0.5,352.0636419,94,107,52.8,23,94,5.36,95,0.1,3868.83123,3546576,6,5.9,0.705,13.1
39,Algeria,2008,Developing,74.1,126,20,0.46,43.08717334,91,217,51.8,23,92,4.2,93,0.1,495.254866,3486715,6,5.9,0.697,12.6
40,Algeria,2007,Developing,73.8,129,20,0.44,320.3239241,9,0,5.8,23,95,3.82,95,0.1,3935.183343,34376,6,5.9,0.69,12.3
41,Algeria,2006,Developing,73.4,132,20,0.36,270.2401962,8,944,49.8,23,95,3.36,95,0.1,3464.6179,33777915,6.1,6,0.686,12.3
42,Algeria,2005,Developing,72.9,136,19,0.5,2.548922758,83,2302,48.9,22,88,3.24,88,0.1,31.122378,33288437,6.1,6,0.68,12
43,Algeria,2004,Developing,72.3,14,19,0.45,220.393699,81,3289,47.9,23,86,3.54,86,0.1,2598.9823,3283196,6.2,6.1,0.673,11.7
44,Algeria,2003,Developing,71.7,146,20,0.34,25.0185226,78,15374,47,23,87,3.6,87,0.1,294.33556,3243514,6.3,6.1,0.663,11.5
45,Algeria,2002,Developing,71.6,145,20,0.36,148.5119843,78,5862,46.1,23,86,3.73,86,0.1,1774.33673,3199546,6.3,6.2,0.653,11.1
46,Algeria,2001,Developing,71.4,145,20,0.23,147.9860714,78,2686,45.3,24,89,3.84,89,0.1,1732.857979,31592153,6.4,6.3,0.644,10.9
47,Algeria,2000,Developing,71.3,145,21,0.25,154.4559436,78,0,44.4,25,86,3.49,86,0.1,1757.17797,3118366,6.5,6.4,0.636,10.7
48,Antigua and Barbuda,2015,Developing,76.4,13,0,7.949333333,0,99,0,47.7,0,86,4.791333333,99,0.2,13566.9541,93566,3.3,3.3,0.784,13.9
49,Antigua and Barbuda,2014,Developing,76.2,131,0,8.56,2422.999774,99,0,47,0,96,5.54,99,0.2,12888.29667,92562,3.3,3.3,0.782,13.9
50,Antigua and Barbuda,2013,Developing,76.1,133,0,8.58,1991.430372,99,0,46.4,0,98,5.33,99,0.2,12224.86416,91516,3.3,3.3,0.781,13.9
51,Antigua and Barbuda,2012,Developing,75.9,134,0,8.18,2156.229842,98,0,45.7,0,97,5.39,98,0.2,12565.44197,90409,3.3,3.3,0.778,13.8
52,Antigua and Barbuda,2011,Developing,75.7,136,0,7.84,1810.875316,99,0,45.1,0,99,5.65,99,0.1,11929.34991,89253,3.3,3.3,0.782,14.1
53,Antigua and Barbuda,2010,Developing,75.6,138,0,7.84,1983.956937,98,0,44.4,0,99,5.63,98,0.1,12126.87614,88028,3.3,3.3,0.783,14.1
54,Antigua and Barbuda,2009,Developing,75.4,14,0,7.82,149.3587355,98,0,43.8,0,98,4.86,99,0.1,1312.46692,86746,3.4,3.3,0.788,14.2
55,Antigua and Barbuda,2008,Developing,75.2,142,0,8.27,180.7762695,98,0,43.2,0,99,4.69,99,0.1,1473.31923,85397,3.4,3.3,0.786,14.4
56,Antigua and Barbuda,2007,Developing,75,144,0,8.64,257.9665308,97,0,42.6,0,98,4.27,99,0.1,14252.29452,84026,3.4,3.3,0.781,14.5
57,Antigua and Barbuda,2006,Developing,74.8,145,0,8.93,216.3146941,99,0,42,0,99,4.34,99,0.1,12724.39377,82704,3.4,3.4,0.773,14.7
58,Antigua and Barbuda,2005,Developing,74.6,147,0,8.15,1455.608186,99,0,41.4,0,98,4.41,99,0.1,11371.93895,81456,3.5,3.4,0,0
59,Antigua and Barbuda,2004,Developing,74.4,149,0,7.28,22.86295206,97,0,4.8,0,97,4.21,97,0.1,1352.8374,80336,3.5,3.4,0,0
60,Antigua and Barbuda,2003,Developing,74.2,151,0,7.16,1158.065259,99,0,4.1,0,99,4.53,99,0.1,9739.82556,79300,3.5,3.5,0,0
61,Antigua and Barbuda,2002,Developing,74,153,0,7.21,927.4075855,99,0,39.5,0,93,4.41,98,0.1,9386.716452,78295,3.6,3.5,0,0
62,Antigua and Barbuda,2001,Developing,73.8,154,0,7.51,163.7676978,96,0,38.9,0,99,4.48,97,0.1,9358.154162,77212,3.6,3.5,0,0
63,Antigua and Barbuda,2000,Developing,73.6,156,0,7.27,1127.74347,98.26666667,0,38.2,0,96,4.13,95,0.1,9875.161736,76016,3.7,3.6,0,0
64,Argentina,2015,Developing,76.3,116,8,7.966666667,0,94,0,62.8,9,93,6.912666667,94,0.1,13467.1236,43417765,1,0.9,0.826,17.3
65,Argentina,2014,Developing,76.2,118,8,7.93,847.3717463,94,1,62.2,9,92,4.79,94,0.1,12245.25645,42981515,1,0.9,0.825,17.3
66,Argentina,2013,Developing,76,119,8,8.28,1001.796332,94,0,61.6,10,99,4.99,94,0.1,12976.63642,42539925,1,0.9,0.823,17.3
67,Argentina,2012,Developing,75.9,12,9,8.35,1133.558003,91,2,61,10,99,5.2,91,0.1,12969.7712,4296739,1,0.9,0.822,17.2
68,Argentina,2011,Developing,75.7,12,9,8.11,1504.329462,91,3,6.4,10,93,5.89,91,0.1,12726.9836,41656879,1,0.9,0.816,17.1
69,Argentina,2010,Developing,75.5,121,10,8.15,187.610955,94,17,59.8,11,95,6.55,94,0.1,1276.265,41223889,1,0.9,0.802,16.8
70,Argentina,2009,Developing,75.6,126,10,8.33,1398.042623,94,3,59.2,11,97,7.63,94,0.1,8161.36966,479947,1,0.9,0.794,16.5
71,Argentina,2008,Developing,75.4,126,10,8.41,1413.73543,9,0,58.6,11,94,6.66,93,0.1,8953.359275,4382389,1,0.9,0.792,16.3
72,Argentina,2007,Developing,74.8,129,10,8.16,1105.659031,85,0,58,12,92,6.49,91,0.1,7193.61764,3997224,1.1,0.9,0.788,16.3
73,Argentina,2006,Developing,75.2,127,11,7.75,961.1774676,84,0,57.5,12,92,6.68,91,0.1,5878.76127,3955889,1.1,0.9,0.782,16.1
74,Argentina,2005,Developing,74.9,127,11,7.53,96.16653429,88,0,56.9,12,95,6.85,98,0.1,576.883829,39145488,1.1,1,0.78,16.3
75,Argentina,2004,Developing,74.7,13,11,7.63,719.3663797,81,0,56.3,12,91,6.84,98,0.1,4251.574348,38728696,1.1,1,0.775,16.3
76,Argentina,2003,Developing,74.1,137,11,7.62,57.58467352,73,0,55.7,13,95,8.22,96,0.1,333.4376,3839379,1.2,1,0.77,16.4
77,Argentina,2002,Developing,74.1,138,12,7.81,470.1869145,66,0,55.1,13,94,8.31,93,0.1,2579.193168,3788937,1.2,1,0.776,16.3
78,Argentina,2001,Developing,74,138,12,7.76,123.0128671,81.28571429,0,54.6,13,85,9.38,83,0.1,717.694674,3747159,1.2,1.1,0.771,15.6
79,Argentina,2000,Developing,74.1,137,12,7.68,1349.025282,81.28571429,6,54,14,88,9.21,83,0.1,7669.273916,3757452,1.2,1.1,0.764,15
80,Armenia,2015,Developing,74.8,118,1,3.702666667,0,94,33,54.9,1,96,4.861333333,94,0.1,369.654776,291695,2.1,2.2,0.741,12.7
81,Armenia,2014,Developing,74.6,12,1,3.91,295.6087143,93,13,54.1,1,95,4.48,93,0.1,3994.712355,29622,2.1,2.1,0.739,12.7
82,Armenia,2013,Developing,74.4,123,1,3.79,279.4290812,95,10,53.3,1,96,4.55,95,0.1,3843.591213,289359,2.1,2.1,0.736,12.7
83,Armenia,2012,Developing,74.4,121,1,3.89,274.1526986,95,0,52.6,1,96,4.48,95,0.1,3684.8481,2881922,2,2.1,0.732,12.7
84,Armenia,2011,Developing,73.9,128,1,4.09,260.9963826,95,0,51.9,1,96,3.71,95,0.1,3526.978143,2875581,2,2.1,0.729,12.7
85,Armenia,2010,Developing,73.5,132,1,4.23,224.3212014,94,2,51.2,1,96,4.56,94,0.1,3218.381655,2877311,2,2.1,0.72,12.3
86,Armenia,2009,Developing,73.3,137,1,3.96,201.1855461,93,0,5.7,1,94,4.55,93,0.1,2993.832531,2888584,2,2.1,0.725,11.9
87,Armenia,2008,Developing,73.2,14,1,3.96,2.8888979,89,0,5.1,1,91,3.8,89,0.1,41.26997,29822,2,2.1,0.721,12.3
88,Armenia,2007,Developing,73.5,132,1,3.99,44.57219966,85,1,49.7,1,9,4.31,88,0.1,3138.8873,293356,2,2.1,0.707,11.7
89,Armenia,2006,Developing,72.9,141,1,4.01,244.5352767,78,137,49.2,1,87,4.58,87,0.1,2158.299,29585,2,2.1,0.692,11.2
90,Armenia,2005,Developing,73,137,1,4.25,20.21822828,91,2281,48.8,1,92,5.25,9,0.1,1643.758397,2981259,2,2.1,0.679,10.9
91,Armenia,2004,Developing,73,132,1,3.81,97.74087744,91,1783,48.4,1,93,5.5,91,0.1,1191.96192,3612,2,2.1,0.668,10.9
92,Armenia,2003,Developing,72.7,134,1,3.03,7.341493148,93,4,48.1,1,96,5.56,94,0.1,93.1661567,31786,2,2.1,0.657,10.8
93,Armenia,2002,Developing,72.6,134,1,2.86,57.17810403,91,40,47.8,1,96,5.4,94,0.1,783.261699,333897,2.1,2.1,0.645,10.8
94,Armenia,2001,Developing,72.6,141,1,2.86,53.19373012,69,69,47.4,1,97,5.94,94,0.1,694.435119,35655,2.1,2.1,0.644,11.1
95,Armenia,2000,Developing,72,142,1,2.9,32.75626853,55,15,47.1,1,96,6.25,93,0.1,622.7427477,369588,2.1,2.2,0.639,11.2
96,Australia,2015,Developed,82.8,59,1,10.15533333,0,93,74,66.6,1,93,8.836666667,93,0.1,56554.3876,23789338,0.6,0.6,0.937,20.4
97,Australia,2014,Developed,82.7,6,1,9.71,10769.36305,91,340,66.1,1,92,9.42,92,0.1,62214.6912,2346694,0.6,0.6,0.936,20.4
98,Australia,2013,Developed,82.5,61,1,9.87,11734.85381,91,158,65.5,1,91,9.36,91,0.1,67792.3386,23117353,0.6,0.6,0.933,20.3
99,Australia,2012,Developed,82.3,61,1,10.03,11714.99858,91,199,65,1,92,9.36,92,0.1,67677.63477,22728254,0.6,0.6,0.93,20.1
100,Australia,2011,Developed,82,63,1,10.3,10986.26527,92,190,64.4,1,92,9.2,92,0.1,62245.129,223424,0.6,0.6,0.927,19.8
101,Australia,2010,Developed,81.9,64,1,10.52,8875.786493,92,70,63.9,1,92,9.2,92,0.1,51874.848,223175,0.7,0.6,0.927,19.5
102,Australia,2009,Developed,81.7,66,1,10.62,7172.275229,94,104,63.4,1,92,9.5,92,0.1,42742.99898,216917,0.7,0.6,0.925,19.1
103,Australia,2008,Developed,81.3,66,1,10.76,8547.292357,94,65,62.9,1,92,8.78,92,0.1,49664.6854,212492,0.7,0.6,0.921,19.1
104,Australia,2007,Developed,81.3,66,1,10.56,872.5986092,94,11,62.5,2,92,8.53,92,0.1,4991.98289,28276,0.7,0.6,0.918,19
105,Australia,2006,Developed,81.2,66,1,10.31,6187.062017,95,0,62,2,92,8.49,92,0.1,36118.28381,26979,0.7,0.6,0.915,20.3
106,Australia,2005,Developed,81,67,1,10.3,579.1331637,95,10,61.5,2,92,8.45,92,0.1,3416.71483,23948,0.7,0.6,0.91,20.3
107,Australia,2004,Developed,86,69,1,9.84,588.568371,95,70,6.9,1,92,8.57,92,0.1,3472.37977,21274,0.7,0.6,0.908,20.7
108,Australia,2003,Developed,83,71,1,9.97,3829.550928,95,91,6.3,1,92,8.32,93,0.1,23465.38559,198954,0.7,0.7,0.905,20.6
109,Australia,2002,Developed,79.9,73,1,9.84,46.3871819,95,32,59.6,2,92,8.39,92,0.1,281.81763,196514,0.7,0.7,0.902,20.1
110,Australia,2001,Developed,79.9,75,1,9.53,3064.301144,94,141,59,2,91,8.18,92,0.1,19517.84168,19413,0.7,0.7,0.899,20.5
111,Australia,2000,Developed,79.5,78,1,10.17,347.18736,93.4,108,58.2,2,9,8.8,9,0.1,2169.921,19153,0.7,0.7,0.897,20.4
112,Austria,2015,Developed,81.5,65,0,12.236,0,93,309,57.6,0,93,4.715333333,93,0.1,43665.947,8633169,1.9,2.1,0.892,15.9
113,Austria,2014,Developed,81.4,66,0,12.32,8350.193523,98,117,57.1,0,98,11.21,98,0.1,51322.63997,8541575,1.8,2,0.892,15.9
114,Austria,2013,Developed,81.1,68,0,11.82,90.58501176,95,0,56.6,0,95,11.14,95,0.1,554.71532,8479375,1.8,2,0.887,15.7
115,Austria,2012,Developed,88,7,0,12.26,7878.372355,92,36,56.1,0,92,11.17,92,0.1,48333.57273,8429991,1.8,2,0.884,15.7
116,Austria,2011,Developed,88,73,0,12.04,8272.306757,89,68,55.7,0,89,1.94,89,0.1,51126.74139,8391643,1.7,2,0.88,15.7
117,Austria,2010,Developed,84,75,0,12.1,7423.228774,86,52,55.2,0,86,11.17,86,0.1,46657.629,836344,1.7,1.9,0.872,15.4
118,Austria,2009,Developed,82,77,0,11.3,8053.557638,83,49,54.7,0,83,11.19,83,0.1,47654.18721,8343323,1.7,1.9,0.87,15.3
119,Austria,2008,Developed,84,76,0,12,8329.731655,83,448,54.2,0,83,1.6,83,0.1,51386.37665,8321496,1.7,1.9,0.864,15.1
120,Austria,2007,Developed,81,8,0,12.5,7453.8644,85,20,53.7,0,85,1.4,85,0.1,46586.6525,8295487,1.7,1.9,0.86,15.2
121,Austria,2006,Developed,79.8,81,0,12.4,69.92899358,83,23,53.2,0,83,1.35,83,0.1,443.99361,8268641,1.7,1.9,0.854,15
122,Austria,2005,Developed,79.4,85,0,12.4,5992.588029,86,9,52.7,0,86,1.53,86,0.1,38242.4252,8227829,1.7,1.9,0.848,14.9
123,Austria,2004,Developed,79.3,86,0,12.1,5316.877456,83,15,52.2,0,83,1.56,83,0.1,36693.4262,8171966,1.7,1.9,0.841,14.7
124,Austria,2003,Developed,78.8,88,0,12.2,504.4308735,83,90,51.7,0,84,1.48,84,0.1,3212.9355,8121423,1.7,1.9,0.837,14.7
125,Austria,2002,Developed,78.7,9,0,12.5,3979.057728,81,0,51.2,0,82,1.27,83,0.1,26351.37568,881957,1.7,1.9,0.847,16.1
126,Austria,2001,Developed,78.6,92,0,12.4,3582.848308,44,0,5.6,0,83,1.12,84,0.1,24489.73553,842293,1.7,1.9,0.837,15.5
127,Austria,2000,Developed,78.1,96,0,13.2,3557.455507,33,0,5.1,0,71,1.6,81,0.1,24517.26745,811566,1.7,1.9,0.833,15.4
128,Azerbaijan,2015,Developing,72.7,118,5,0.992,0,96,0,52.5,6,98,5.679333333,96,0.1,55.31382,9649341,2.8,2.9,0.758,12.7
129,Azerbaijan,2014,Developing,72.5,119,5,0.01,306.1824313,94,0,51.5,6,97,6.4,94,0.1,7891.299776,953579,2.8,2.9,0.752,12.2
130,Azerbaijan,2013,Developing,72.2,121,5,2.14,275.6514934,93,164,5.6,6,96,5.54,93,0.1,7875.756953,941681,2.8,2.8,0.745,11.9
131,Azerbaijan,2012,Developing,71.9,123,5,0.01,285.6103912,88,0,49.7,6,92,5.37,89,0.1,7496.335728,9295784,2.8,2.8,0.742,11.8
132,Azerbaijan,2011,Developing,71.6,125,5,1.98,263.142699,84,0,48.8,6,91,5.1,87,0.1,7189.691229,917382,2.8,2.9,0.741,11.7
133,Azerbaijan,2010,Developing,71.1,13,5,1.98,246.5686008,8,0,48,6,85,5.33,81,0.1,5842.85784,954332,2.8,2.9,0.737,11.7
134,Azerbaijan,2009,Developing,78,132,6,2.1,22.48638351,74,0,47.3,6,84,5.85,81,0.1,495.294791,8947243,2.8,2.9,0.728,11.6
135,Azerbaijan,2008,Developing,73,141,6,1.18,206.2616134,68,5,46.6,6,85,4.37,81,0.1,5574.6382,87634,2.8,2.9,0.719,11.6
136,Azerbaijan,2007,Developing,73,14,6,1.02,176.0107106,62,0,45.9,7,81,5.1,79,0.1,3851.437869,85813,2.8,2.9,0.708,11.6
137,Azerbaijan,2006,Developing,69.2,154,6,0.85,105.6337264,52,222,45.3,7,8,6.17,78,0.1,2473.85776,848455,2.9,2.9,0.682,10.7
138,Azerbaijan,2005,Developing,68.4,162,6,0.73,81.28883085,49,1238,44.7,7,79,7.86,75,0.1,1578.4239,839185,2.9,3,0.675,11.2
139,Azerbaijan,2004,Developing,68.4,154,6,0.62,8.59680496,5,827,44.2,8,78,7.92,77,0.1,145.2163,8365,3,3,0.668,11
140,Azerbaijan,2003,Developing,67.8,154,7,0.55,42.41491183,51,1978,43.6,8,79,6.56,77,0.1,883.6439965,82341,3,3,0.659,10.8
141,Azerbaijan,2002,Developing,67.8,146,7,0.55,39.33253687,5,4353,43.1,9,8,4.47,76,0.1,763.73858,817195,3.1,3.1,0.651,10.6
142,Azerbaijan,2001,Developing,67.5,151,8,0.51,4.104190077,59.21428571,574,42.6,10,77,4.48,77,0.1,73.6838434,81112,3.1,3.1,0.642,10.4
143,Azerbaijan,2000,Developing,66.6,16,9,0.65,35.09462644,59.21428571,210,42.1,11,75,4.67,76,0.1,655.974326,8486,3.2,3.1,0.636,10.1
144,Bangladesh,2015,Developing,71.8,129,92,0.01,0,97,240,18.3,113,97,2.854666667,97,0.1,121.15812,1612886,17.9,18.3,0.575,10.2
145,Bangladesh,2014,Developing,71.4,132,98,0.01,10.44640334,97,289,17.7,121,97,2.82,97,0.1,184.56543,15945279,18.1,18.6,0.57,10
146,Bangladesh,2013,Developing,71,135,104,0.01,52.82986467,96,237,17,130,96,2.88,96,0.1,951.8894535,157571292,18.3,18.8,0.565,10
147,Bangladesh,2012,Developing,77,137,111,0.01,59.2589257,94,1986,16.4,139,94,3.8,94,0.1,856.342857,15572753,18.5,19,0.557,9.9
148,Bangladesh,2011,Developing,73,14,118,0.01,62.34988484,96,5625,15.8,150,96,3.16,96,0.1,835.789341,153911916,18.7,19.2,0.545,9.4
149,Bangladesh,2010,Developing,69.9,142,126,0.01,62.65945432,94,788,15.2,161,94,3.6,94,0.1,757.6717572,15214912,18.9,19.4,0.535,8.9
150,Bangladesh,2009,Developing,69.5,144,135,0.01,53.26400378,97,718,14.6,173,97,2.91,97,0.1,681.125368,1545478,19.1,19.7,0.523,8.4
151,Bangladesh,2008,Developing,69.1,147,144,0.01,42.48865034,96,2660,14,186,96,2.85,96,0.1,615.7775411,14885814,19.3,19.9,0.52,8.6
152,Bangladesh,2007,Developing,68.6,151,154,0.01,46.36536703,95,2924,13.5,201,96,2.8,94,0.1,541.651484,147139191,19.5,2.1,0.513,8.6
153,Bangladesh,2006,Developing,68.2,152,164,0.01,42.3304549,86,6192,13,215,95,2.8,94,0.1,494.51466,1453684,19.7,2.3,0.506,8.4
154,Bangladesh,2005,Developing,67.8,155,174,0.01,38.05462002,45,25934,12.5,231,94,2.68,93,0.1,484.155471,14343111,19.9,2.5,0.499,8.2
155,Bangladesh,2004,Developing,67.3,158,185,0.01,4.11469667,11,9743,12,247,88,2.62,99,0.1,46.7579167,14137489,2.1,2.7,0.491,8.1
156,Bangladesh,2003,Developing,66.8,161,196,0.01,35.48458957,5,4067,11.6,264,9,2.51,87,0.1,432.7388972,139191,2.3,2.9,0.484,7.9
157,Bangladesh,2002,Developing,66.3,164,207,0.01,0.397228764,77.61538462,3484,11.2,280,83,2.59,83,0.1,4.6135745,1366667,2.5,21.1,0.476,7.7
158,Bangladesh,2001,Developing,65.8,168,219,0.01,3.395069781,77.61538462,4414,1.8,298,85,2.47,85,0.1,42.5981152,1341716,2.7,21.3,0.468,7.5
159,Bangladesh,2000,Developing,65.3,173,231,0.01,3.69633051,77.61538462,5098,1.4,316,83,2.33,82,0.1,45.63371,131581243,2.9,21.5,0.459,7.3
160,Belgium,2015,Developed,81.1,74,0,11.04266667,0,98,47,63.7,1,99,5.962,99,0.1,4356.875,11274196,1,1,0.895,16.6
161,Belgium,2014,Developed,89,76,0,12.6,7163.348923,98,70,63.4,1,99,1.59,99,0.1,47439.39684,112957,1,1,0.89,16.3
162,Belgium,2013,Developed,87,77,0,11.77,702.359357,98,39,63,1,99,1.57,99,0.1,4651.38647,11182817,1,0.9,0.889,16.3
163,Belgium,2012,Developed,83,78,0,10.08,664.4738975,98,109,62.6,1,99,1.54,99,0.1,4474.5717,11128246,0.9,0.9,0.886,16.2
164,Belgium,2011,Developed,83,8,0,10.11,713.5297354,97,576,62.3,1,98,1.42,98,0.1,4772.77415,1147744,0.9,0.9,0.884,16.1
165,Belgium,2010,Developed,80,81,0,10.22,665.7356115,97,40,61.9,1,98,1.17,98,0.1,4438.23741,1895586,0.9,0.9,0.878,15.9
166,Belgium,2009,Developed,79.8,85,0,10.05,671.9376566,97,33,61.6,1,98,1.39,98,0.1,4488.5615,1796493,0.9,0.9,0.876,15.8
167,Belgium,2008,Developed,79.5,87,0,10.47,7191.051507,98,98,61.3,1,99,9.6,99,0.1,48424.58927,179973,0.8,0.8,0.874,15.8
168,Belgium,2007,Developed,79.5,86,0,10.25,640.3560918,94,64,6.9,1,99,9.25,98,0.1,4443.83131,16257,0.8,0.8,0.871,15.8
169,Belgium,2006,Developed,79.4,85,0,10.98,5579.199083,94,15,6.6,1,99,9.17,98,0.1,38852.3613,1547958,0.8,0.8,0.865,15.7
170,Belgium,2005,Developed,78.9,89,0,12.27,5068.214488,77,26,6.2,1,97,9.24,97,0.1,36967.28292,1478617,0.8,0.8,0.861,15.7
171,Belgium,2004,Developed,78.8,91,1,12.05,5160.508378,64,61,59.8,1,96,9.32,95,0.1,35589.71295,1421137,0.8,0.8,0.88,18.8
172,Belgium,2003,Developed,78.3,95,0,11.28,507.306164,64,44,59.4,1,96,9.3,95,0.1,3743.95693,1376133,0.8,0.8,0.878,18.6
173,Belgium,2002,Developed,78,99,1,11.29,320.3177664,6,0,59,1,96,8.46,95,0.1,2552.3328,1332785,0.8,0.8,0.875,18.8
174,Belgium,2001,Developed,78,1,1,11.01,2943.375396,6,83,58.5,1,96,8.29,95,0.1,23121.56635,128657,0.8,0.8,0.873,18.2
175,Belgium,2000,Developed,77.6,11,1,11.21,287.2084529,6,0,58.1,1,96,8.12,95,0.1,2327.4591,125125,0.8,0.8,0.869,18
176,Bulgaria,2015,Developed,74.5,137,0,10.86533333,0,92,0,65.7,1,91,7.236,91,0.1,6993.47736,7177991,1.9,1.8,0.792,15
177,Bulgaria,2014,Developed,74.3,138,1,12.03,153.1400362,95,0,65.1,1,88,8.44,88,0.1,7853.335191,7223938,1.9,1.9,0.787,14.8
178,Bulgaria,2013,Developed,74.1,14,1,12.06,149.659879,95,14,64.5,1,95,7.93,95,0.1,7674.86559,7265115,1.9,1.9,0.781,14.4
179,Bulgaria,2012,Developed,73.9,139,1,10.99,851.450672,95,1,63.9,1,95,7.11,95,0.1,7378.25539,735888,1.9,1.9,0.778,14.3
180,Bulgaria,2011,Developed,73.7,144,1,10.67,875.1495189,96,157,63.3,1,95,6.88,95,0.1,7813.83499,7348328,2,2,0.775,14.2
181,Bulgaria,2010,Developed,73.4,147,1,10.8,766.4454884,95,22004,62.7,1,94,7.24,94,0.1,6843.263289,7395599,2,2,0.77,13.9
182,Bulgaria,2009,Developed,73.2,152,1,10.93,661.5144334,96,2249,62.1,1,94,6.78,94,0.1,6955.987733,7444443,2,2.1,0.768,13.8
183,Bulgaria,2008,Developed,72.9,155,1,10.98,107.9826127,96,1,61.5,1,96,6.61,95,0.1,7296.122479,7492561,2.1,2.1,0.761,13.8
184,Bulgaria,2007,Developed,72.6,157,1,10.89,591.5100978,95,1,6.9,1,95,6.41,95,0.1,5932.899677,7545338,2.1,2.2,0.755,13.5
185,Bulgaria,2006,Developed,72.2,161,1,10.39,508.6304588,96,1,6.3,1,96,6.67,95,0.1,4513.13628,76122,2.2,2.2,0.75,13.5
186,Bulgaria,2005,Developed,72.1,16,1,10.48,456.3404657,96,3,59.7,1,97,7.8,96,0.1,3893.68998,7658972,2.2,2.3,0.745,13.5
187,Bulgaria,2004,Developed,72.2,157,1,10.96,384.1473028,94,0,59.1,1,94,7.9,95,0.1,3381.57837,771686,2.3,2.3,0.738,13.3
188,Bulgaria,2003,Developed,72,155,1,11.19,32.38616103,96,0,58.6,1,96,7.43,96,0.1,271.46824,7775327,2.3,2.4,0.729,12.9
189,Bulgaria,2002,Developed,71.8,157,1,10.2,33.26778134,88,0,58.1,1,94,7.41,93,0.1,287.534843,7837161,2.4,2.4,0.723,12.9
190,Bulgaria,2001,Developed,71.6,16,1,10.72,25.06262895,93,8,57.5,1,94,7.23,94,0.1,1764.97387,89142,2.4,2.5,0.713,12.9
191,Bulgaria,2000,Developed,71.1,163,1,9.69,15.2357274,94,46,57,1,94,6.7,93,0.1,169.28586,817172,2.5,2.5,0.709,12.9
192,Croatia,2015,Developed,78,95,0,12.448,0,94,206,63.7,0,94,7.370666667,94,0.1,11579.6674,42364,1.5,1.4,0.823,15.3
193,Croatia,2014,Developed,77.8,97,0,12.14,1884.098811,95,0,63.1,0,95,7.8,95,0.1,13467.46827,4238389,1.5,1.5,0.82,15.1
194,Croatia,2013,Developed,77.7,97,0,12.39,1899.107385,96,0,62.5,0,96,7.83,96,0.1,13574.749,4255689,1.5,1.5,0.817,14.9
195,Croatia,2012,Developed,77.1,14,0,11.49,1851.713262,98,2,61.9,0,96,7.8,96,0.1,13235.97757,4267558,1.5,1.5,0.815,14.6
196,Croatia,2011,Developed,77,14,0,12.19,1913.356642,97,12,61.3,0,96,7.8,96,0.1,14539.18421,428622,1.6,1.5,0.808,14.5
197,Croatia,2010,Developed,76.6,16,0,12.1,206.8868182,97,7,6.6,0,97,8.25,97,0.1,1355.74586,4417781,1.6,1.6,0.803,14.2
198,Croatia,2009,Developed,76.3,19,0,12.21,2160.380199,97,2,6,0,96,8.18,96,0.1,14157.14416,442978,1.7,1.6,0.803,14.2
199,Croatia,2008,Developed,76,116,0,12.06,2425.403891,97,51,59.4,0,96,7.7,96,0.1,15893.8656,443458,1.7,1.7,0.8,14.3
200,Croatia,2007,Developed,75.8,114,0,12.56,2019.812779,95,0,58.7,0,96,7.44,96,0.1,13546.69872,4436,1.8,1.7,0.793,14.3
201,Croatia,2006,Developed,75.9,113,0,11.83,1555.651986,96.22222222,1,58.1,0,96,6.95,96,0.1,11363.41845,444,1.8,1.8,0.783,13.9
202,Croatia,2005,Developed,75.2,116,0,11.59,167.2319899,96.22222222,2,57.5,0,96,6.89,96,0.1,1224.2459,4442,1.8,1.8,0.777,13.6
203,Croatia,2004,Developed,75.4,114,0,13.11,1116.396502,96.22222222,54,56.9,0,96,6.56,96,0.1,9365.742468,4439,1.9,1.9,0.771,13.3
204,Croatia,2003,Developed,74.7,122,0,13.78,93.67706503,96.22222222,19,56.3,0,95,6.35,94,0.1,785.881418,444,1.9,1.9,0.765,12.9
205,Croatia,2002,Developed,74.8,124,0,13.39,11.63615139,96.22222222,6,55.8,0,95,6.19,95,0.1,653.71637,444,2,2,0.759,12.6
206,Croatia,2001,Developed,74.9,126,0,13.15,650.9567981,96.22222222,8,55.2,0,94,7.16,94,0.1,5245.421419,444,2,2,0.749,12.3
207,Croatia,2000,Developed,74.7,127,0,12.73,649.3909871,96.22222222,9,54.7,0,94,7.66,93,0.1,4919.62869,4426,2.1,2.1,0.739,12.2
208,Cyprus,2015,Developed,85,52,0,10.26066667,0,97,0,6.3,0,97,6.76,97,0.1,2375.1127,116985,1,1,0.854,14.3
209,Cyprus,2014,Developed,83,53,0,0.01,207.3041936,96,10,59.8,0,99,7.37,99,0.1,2734.88382,115239,0.9,1,0.85,14
210,Cyprus,2013,Developed,81,54,0,9.04,212.0859259,96,0,59.2,0,99,7.46,99,0.1,2797.96736,1143896,0.9,1,0.85,13.8
211,Cyprus,2012,Developed,80,56,0,10.55,2159.756205,96,1,58.7,0,99,7.44,99,0.1,28951.15556,113562,0.9,1,0.85,13.8
212,Cyprus,2011,Developed,79.7,57,0,10.69,2443.325028,96,0,58.3,0,99,7.54,99,0.1,32233.83942,1124835,0.9,1,0.847,13.8
213,Cyprus,2010,Developed,79.5,59,0,11.32,283.3300258,96,18,57.8,0,99,7.23,99,0.1,3818.46396,111267,0.9,1,0.853,14.6
214,Cyprus,2009,Developed,79.3,6,0,10.8,230.2524184,96,0,57.3,0,99,7.4,99,0.1,3215.8159,19876,0.9,1,0.849,14.1
215,Cyprus,2008,Developed,79.1,62,0,12.01,239.6409938,93,1,56.8,0,97,6.89,97,0.1,3539.7488,181563,0.9,1,0.844,13.7
216,Cyprus,2007,Developed,78.9,63,0,11.56,1958.525877,93,0,56.3,0,97,6.5,97,0.1,31386.63265,163712,0.9,1,0.836,13.5
217,Cyprus,2006,Developed,78.8,64,0,11.47,1700.841534,93,0,55.8,0,97,6.28,97,0.1,27169.99256,14559,0.9,1,0.829,13.4
218,Cyprus,2005,Developed,78.7,65,0,11.41,1562.520827,88,1,55.3,0,98,6.37,98,0.1,25324.48666,127658,0.9,1,0.826,13.5
219,Cyprus,2004,Developed,78.6,65,0,13.03,1586.724172,88,0,54.8,0,98,6.42,98,0.1,23932.49128,1141,0.9,1,0.823,13.4
220,Cyprus,2003,Developed,78.5,66,0,10.62,158.7087399,88,0,54.3,0,98,6.83,98,0.1,2293.4789,993563,0.9,1,0.815,13
221,Cyprus,2002,Developed,78.4,68,0,11.68,1128.050886,88,0,53.8,0,98,6.12,98,0.1,16372.29152,976966,0.9,1,0.805,12.5
222,Cyprus,2001,Developed,78.2,69,0,10.16,100.8086193,89,0,53.3,0,97,5.78,97,0.1,1562.92433,96282,0.9,1,0.8,12.4
223,Cyprus,2000,Developed,78.1,7,0,9.56,950.8027925,89,0,52.8,0,97,5.77,97,0.1,14672.8826,943286,0.9,1,0.798,12.5
224,India,2015,Developing,68.3,181,910,1.942,0,87,90387,18.7,1100,86,4.358666667,87,0.2,1613.18878,1395398,26.7,27.3,0.615,11.6
225,India,2014,Developing,68,184,957,3.07,86.52153895,79,79563,18.1,1200,84,4.69,85,0.2,1573.11889,1293859294,26.8,27.4,0.607,11.6
226,India,2013,Developing,67.6,187,1000,3.11,67.67230438,7,13822,17.5,1300,82,4.53,83,0.2,1452.195373,127856227,26.8,27.5,0.599,11.5
227,India,2012,Developing,67.3,19,1100,3.1,64.96964491,73,18668,17,1400,79,4.39,82,0.2,1446.98541,126365852,26.9,27.6,0.59,11.3
228,India,2011,Developing,66.8,193,1100,3,64.6059005,44,33634,16.4,1500,79,4.33,82,0.2,1461.671957,124723629,26.9,27.7,0.58,10.8
229,India,2010,Developing,66.4,196,1200,2.77,57.73359864,38,31458,15.9,1600,76,4.28,79,0.2,1345.77153,12398691,27,27.8,0.569,10.4
230,India,2009,Developing,66,2,1300,2.5,0.844186331,37,56188,15.4,1700,73,4.38,74,0.2,19.317765,121427132,27,27.8,0.563,10.5
231,India,2008,Developing,65.5,23,1300,1.93,43.03043312,29,44258,14.9,1800,69,4.34,7,0.3,991.484634,119714696,27,27.9,0.556,10.2
232,India,2007,Developing,65.2,26,1400,1.59,5.234770324,6,41144,14.4,1900,67,4.23,64,0.3,118.166373,1179681239,27.1,28,0.546,9.9
233,India,2006,Developing,64.8,28,1500,1.37,34.85942671,6,64185,13.9,2000,66,4.25,65,0.3,792.259698,1161977719,27.1,28,0.536,9.7
234,India,2005,Developing,64.4,211,1500,1.27,3.5096369,8,36711,13.5,2000,65,4.28,65,0.3,77.819,1144118674,27.2,28.1,0.526,9.4
235,India,2004,Developing,64,214,1600,1.2,27.33800857,6,55443,13,2100,58,4.22,63,0.3,621.3183767,1126135777,27.2,28.2,0.518,9.2
236,India,2003,Developing,63.7,216,1700,1.19,19.4808682,35,47147,12.6,2200,57,4.3,61,0.3,541.1352279,11827848,27.3,28.3,0.505,8.6
237,India,2002,Developing,63.3,219,1700,1.1,17.81205644,35,40044,12.2,2300,58,4.4,59,0.3,466.2842,18987112,27.4,28.4,0.499,8.4
238,India,2001,Developing,62.9,222,1800,1,19.00340606,35,51780,11.8,2400,58,4.5,59,0.3,447.138966,171477855,27.5,28.5,0.494,8.3
239,India,2000,Developing,62.5,224,1800,0.93,19.26615743,35,38835,11.4,2500,57,4.26,58,0.3,438.864634,1535912,27.7,28.6,0.489,8.3
240,Georgia,2015,Developing,74.4,129,1,5.623333333,0,94,431,56.2,1,91,7.330666667,94,0.1,3764.64912,37171,2.7,2.8,0.768,13.9
241,Georgia,2014,Developing,74.5,125,1,6.13,221.482875,91,3188,55.3,1,91,7.42,91,0.1,4429.6575,3727,2.7,2.8,0.759,13.5
242,Georgia,2013,Developing,74.5,128,1,5.91,180.3787034,96,7872,54.4,1,94,7.25,93,0.1,4274.376857,3776,2.7,2.8,0.755,13.5
243,Georgia,2012,Developing,74.2,13,1,7.71,158.2576025,92,31,53.6,1,93,8.57,92,0.1,4142.869175,3825,2.6,2.8,0.749,13.4
244,Georgia,2011,Developing,73.9,127,1,8.14,198.94876,89,64,52.8,1,88,9.38,94,0.1,3725.63221,3875,2.6,2.8,0.742,13.3
245,Georgia,2010,Developing,73.8,132,1,7.24,194.1732658,95,22,52,1,88,1.5,92,0.1,2964.47734,3926,2.6,2.8,0.738,13.3
246,Georgia,2009,Developing,73.2,133,1,6.66,18.5314303,54,23,51.3,1,93,1.19,88,0.1,276.588512,3978,2.6,2.8,0.734,12.8
247,Georgia,2008,Developing,73.9,128,1,7.17,151.762567,89,56,5.5,1,9,8.99,92,0.1,3174.9491,43,2.6,2.8,0.735,13.1
248,Georgia,2007,Developing,74.4,12,1,8.65,106.164686,94,44,49.9,1,88,8.17,98,0.1,2492.12878,482,2.7,2.9,0.722,12.5
249,Georgia,2006,Developing,73.9,126,1,6.18,110.1138286,84,334,49.2,1,89,8.39,88,0.1,1872.68416,4136,2.7,2.9,0.714,12.6
250,Georgia,2005,Developing,73.9,128,1,4.7,9.444875415,79,1356,48.6,1,82,8.6,82,0.1,153.57521,419,2.8,2.9,0.703,12.2
251,Georgia,2004,Developing,72.3,134,1,3.74,7.132564768,64,6847,48.1,1,66,8.53,78,0.1,127.367228,4245,2.8,3,0.694,12
252,Georgia,2003,Developing,72.7,132,1,3.36,70.54185252,48,216,47.5,2,74,8.49,75,0.1,928.18227,431,2.9,3,0.684,11.8
253,Georgia,2002,Developing,71.7,142,2,2.72,60.55818291,51,199,47,2,89,8.72,84,0.1,779.3845935,4357,2.9,3,0.677,11.8
254,Georgia,2001,Developing,73,121,2,2.76,57.10318825,61,35,46.5,2,83,7.82,87,0.1,733.974142,43864,3,3.1,0.673,11.7
255,Georgia,2000,Developing,71.8,129,2,3.28,47.81704183,55,50,46,2,81,6.94,8,0.1,691.997711,44183,3.1,3.1,0,11.4
256,Equatorial Guinea,2015,Developing,58.2,32,3,7.342,0,16,1250,24.5,4,17,2.929333333,16,4.2,1347.31257,1175389,8.4,8.3,0.582,9.2
257,Equatorial Guinea,2014,Developing,57.9,32,3,0.01,13.40477417,2,13,24,4,24,3.8,2,4.4,192.59733,1129424,8.5,8.4,0.582,9.2
258,Equatorial Guinea,2013,Developing,57.4,327,3,10.72,156.3907685,9,321,23.5,4,3,3.73,3,5.7,2246.9938,183746,8.6,8.6,0.586,9.2
259,Equatorial Guinea,2012,Developing,56.7,337,3,11.89,1500.412635,9,1190,23,4,3,4,24,8.2,21557.6528,138593,8.7,8.7,0.583,9.2
260,Equatorial Guinea,2011,Developing,56.2,344,3,10.99,1493.051277,9,0,22.6,4,39,3.29,41,7.7,21451.88617,99429,8.9,8.8,0.58,9.2
261,Equatorial Guinea,2010,Developing,56.1,339,3,9.93,1192.696619,9,0,22.1,4,59,3.84,44,7.2,17136.44568,95114,9,9,0.589,9.2
262,Equatorial Guinea,2009,Developing,55.7,34,3,7.97,115.0692415,9,78,21.7,4,57,5.32,43,7.3,1653.2937,99111,9.2,9.2,0.59,9.1
263,Equatorial Guinea,2008,Developing,55.4,338,3,8.34,1705.678619,9,436,21.3,4,55,2.31,42,6.3,22742.38159,868418,9.3,9.3,0.592,9.1
264,Equatorial Guinea,2007,Developing,55,339,3,6.86,1024.519543,9,5,2.9,4,54,2.25,41,5.9,15761.83913,829327,9.5,9.5,0.587,9
265,Equatorial Guinea,2006,Developing,54.8,337,3,7.28,827.5979335,9,0,2.5,4,52,2.13,4,5.3,12732.2759,792217,9.7,9.6,0.569,9
266,Equatorial Guinea,2005,Developing,54.4,337,3,7.19,12.0661671,9,0,2.2,4,5,1.63,39,4.9,185.63334,757317,9.8,9.8,0.563,8.7
267,Equatorial Guinea,2004,Developing,54.1,336,3,6.28,44.54768305,9,38,19.8,4,48,2.4,38,4.4,685.34897,724817,1,1,0.553,8.5
268,Equatorial Guinea,2003,Developing,53.8,334,3,7.13,309.7834587,9,18,19.5,4,46,2.23,37,3.6,3577.176197,694611,1.2,1.1,0.554,8.4
269,Equatorial Guinea,2002,Developing,53.5,334,3,6.01,234.7874207,9,24,19.1,4,44,2.5,36,2.9,2711.17114,66647,1.4,1.3,0.542,8.2
270,Equatorial Guinea,2001,Developing,53.1,334,3,5.07,197.7839552,9,1339,18.7,4,43,1.78,35,2.3,2283.87939,639762,1.6,1.4,0.527,8
271,Equatorial Guinea,2000,Developing,52.7,336,3,4.46,14.95451321,9,0,18.3,4,41,2.73,34,1.9,172.68491,614323,1.7,1.6,0,0
272,Brazil,2015,Developing,75,142,42,7.213333333,0,96,214,56.1,47,98,8.019333333,96,0.1,8757.2622,2596218,2.7,2.6,0.754,15.2
273,Brazil,2014,Developing,74.8,144,44,7.32,83.16465362,96,876,55.3,49,96,8.32,93,0.1,1226.61731,24213133,2.7,2.7,0.747,15.2
274,Brazil,2013,Developing,74.7,146,46,7.24,916.270845,96,220,54.5,52,96,8.48,97,0.1,12216.9446,2248632,2.8,2.7,0.734,14.2
275,Brazil,2012,Developing,74.5,148,49,7.55,843.1946259,96,2,53.6,54,96,8.26,95,0.1,12291.46685,256983,2.8,2.8,0.73,14.2
276,Brazil,2011,Developing,74.1,152,51,7.58,1084.999766,98,43,52.8,57,98,8.9,99,0.1,13167.47289,198686688,2.9,2.8,0.724,14
277,Brazil,2010,Developing,73.8,154,54,7.52,1111.191325,96,68,52,61,99,8.27,99,0.1,11224.1548,196796269,2.9,2.9,0.716,13.8
278,Brazil,2009,Developing,73.6,157,57,7.33,564.5233902,99,0,51.1,64,99,8.65,99,0.1,8553.3847,194895996,3,2.9,0.714,13.8
279,Brazil,2008,Developing,73.4,158,61,7.21,526.3780636,96,0,5.3,68,99,8.24,99,0.1,8787.61375,19297929,3,3,0.704,13.3
280,Brazil,2007,Developing,73.3,159,65,7.19,394.9321299,99,0,49.4,73,99,8.28,99,0.1,7313.557962,19126637,3.1,3,0.7,13.5
281,Brazil,2006,Developing,73,161,70,7.1,30.30374691,99,57,48.6,79,99,8.36,99,0.1,586.145975,18912412,3.1,3.1,0.698,13.8
282,Brazil,2005,Developing,72.7,163,75,6.97,23.76370075,98,6,47.8,85,99,8.27,99,0.1,477.182746,186917361,3.2,3.1,0.694,13.8
283,Brazil,2004,Developing,72,17,81,6.85,186.6090485,96,0,46.9,93,99,7.7,99,0.1,3623.47667,184738458,3.2,3.2,0.695,14
284,Brazil,2003,Developing,71.8,172,88,6.95,15.85781237,97,2,46.1,100,99,6.94,99,0.1,359.587582,182482149,3.3,3.3,0.699,14.8
285,Brazil,2002,Developing,71.4,176,95,7,140.9824766,92,1,45.3,109,99,7.13,99,0.1,2819.649531,1815121,3.3,3.3,0.692,14.6
286,Brazil,2001,Developing,71,179,103,7.13,149.4802091,91,1,44.5,118,99,7.19,98,0.1,3146.95177,1777567,3.4,3.4,0.685,14.3
287,Brazil,2000,Developing,75,183,111,7.26,179.4777293,94,36,43.7,127,99,7.3,98,0.1,3739.11936,175287587,3.4,3.4,0.677,14.1
